{"cameraMode":{"drawMode":0,"name":"Shaded","section":"Shading Mode"},"sceneLighting":false,"audioPlay":false,"sceneViewState":{"showFog":true,"showMaterialUpdate":false,"showSkybox":false,"showFlares":true,"showImageEffects":true,"showParticleSystems":true},"in2DMode":false,"pivot":{"x":0.012248516082763672,"y":1.5491111278533936,"z":0.3803830146789551},"rotation":{"x":-0.1324434131383896,"y":-0.798093318939209,"z":0.18863274157047273,"w":-0.557270348072052},"size":14.388467788696289,"orthographic":false}