{"cameraMode":{"drawMode":0,"name":"Shaded","section":"Shading Mode"},"sceneLighting":false,"audioPlay":false,"sceneViewState":{"showFog":true,"showMaterialUpdate":false,"showSkybox":false,"showFlares":true,"showImageEffects":true,"showParticleSystems":true},"in2DMode":false,"pivot":{"x":632.3831787109375,"y":346.4385070800781,"z":2.2826004028320314},"rotation":{"x":0.18284443020820619,"y":-0.6406286954879761,"z":0.16085155308246613,"w":0.7282135486602783},"size":2507.10400390625,"orthographic":false}